Metric,Value
Total Revenue,4880609284767
Average Revenue by Company,"{'Allianz SE': 13015427603.0, 'BASF SE': 13206929984.59375, 'BMW AG': 12793626967.75, 'Bayer AG': 12280150040.53125, 'Daimler AG': 12982945622.28125, 'Deutsche Bank AG': 12552273759.25, 'Deutsche Telekom AG': 12948836356.78125, 'Merck KGaA': 13429626794.3125, 'Porsche AG': 11801739996.5, 'SAP SE': 12416678253.5625, 'Siemens AG': 12662499402.90625, 'Volkswagen AG': 12428305367.5}"
Yearly Revenue,"{'2017': 627434653054, '2018': 581954993925, '2019': 612962535344, '2020': 608094222724, '2021': 609809764565, '2022': 588328128277, '2023': 593572073082, '2024': 658452913796}"
